-- phpMyAdmin SQL Dump
-- version 4.0.6
-- http://www.phpmyadmin.net
--
-- Host: localhost
-- Generation Time: Mar 10, 2015 at 08:32 PM
-- Server version: 5.5.33
-- PHP Version: 5.5.3

SET SQL_MODE = "NO_AUTO_VALUE_ON_ZERO";
SET time_zone = "+00:00";


/*!40101 SET @OLD_CHARACTER_SET_CLIENT=@@CHARACTER_SET_CLIENT */;
/*!40101 SET @OLD_CHARACTER_SET_RESULTS=@@CHARACTER_SET_RESULTS */;
/*!40101 SET @OLD_COLLATION_CONNECTION=@@COLLATION_CONNECTION */;
/*!40101 SET NAMES utf8 */;

--
-- Database: `quiz`
--

-- --------------------------------------------------------

--
-- Table structure for table `Answer`
--

CREATE TABLE `Answer` (
  `idAnswer` int(11) NOT NULL AUTO_INCREMENT,
  `Correct` tinyint(1) NOT NULL,
  `Question_idQuestion` int(11) NOT NULL,
  `AnswerValue` varchar(45) NOT NULL,
  PRIMARY KEY (`idAnswer`),
  KEY `Question_idQuestion` (`Question_idQuestion`,`AnswerValue`),
  KEY `Groups_idGroup` (`AnswerValue`)
) ENGINE=InnoDB  DEFAULT CHARSET=utf8 AUTO_INCREMENT=494 ;

--
-- Dumping data for table `Answer`
--

INSERT INTO `Answer` (`idAnswer`, `Correct`, `Question_idQuestion`, `AnswerValue`) VALUES
(1, 1, 5, '2NE1'),
(2, 0, 5, 'TwoNEOne'),
(3, 0, 5, 'Twenty One'),
(5, 1, 6, 'Big Bang'),
(6, 0, 6, 'Big Best'),
(7, 0, 6, 'Big Band'),
(8, 0, 6, 'Big Star'),
(9, 1, 7, 'SHINee'),
(10, 0, 7, 'SHInee'),
(11, 0, 7, 'SHinee'),
(12, 0, 7, 'Shinee'),
(13, 1, 8, 'Girls'' Generation'),
(14, 0, 8, 'Girls Generation'),
(15, 0, 8, 'Girl''s Generation'),
(16, 0, 8, 'Girl Generation'),
(21, 1, 10, '2PM'),
(22, 0, 10, 'One day'),
(23, 0, 10, '2AM'),
(25, 1, 11, 'EXO'),
(26, 0, 11, 'EXO-L'),
(27, 0, 11, 'EXO-M'),
(28, 0, 11, 'EXO-K'),
(33, 1, 13, 'Super Junior'),
(34, 0, 13, 'Super Senior'),
(35, 0, 13, 'Super Band'),
(37, 1, 14, 'f(x)'),
(38, 0, 14, 'f(s)'),
(39, 0, 14, 'fx'),
(40, 0, 14, 'fs'),
(47, 1, 18, '2AM'),
(48, 0, 18, '2PM'),
(55, 1, 22, '2NE1'),
(59, 1, 23, '100%'),
(60, 0, 23, '8'),
(61, 0, 23, '3'),
(62, 0, 23, '4'),
(63, 0, 23, '5'),
(64, 0, 23, '6'),
(155, 1, 65, 'AA'),
(157, 0, 65, 'mm'),
(163, 0, 65, 'dd'),
(168, 0, 8, 'Girls'' Genaration'),
(169, 0, 8, 'Girl''s Genaration'),
(170, 0, 6, 'Big Beng'),
(171, 1, 67, '4minute'),
(172, 0, 67, '4minutes'),
(173, 0, 67, 'Four Minute'),
(174, 0, 67, '5minute'),
(175, 0, 67, '5minutes'),
(176, 0, 67, 'Five Minutes'),
(177, 1, 68, 'U-KISS'),
(178, 0, 68, 'U-BEAT'),
(179, 0, 68, 'KISS-ME'),
(180, 0, 68, 'KISS-U'),
(181, 0, 68, 'ME-KISS'),
(182, 1, 69, 'GOT7'),
(183, 0, 69, 'GOT6'),
(184, 0, 69, 'JYP Boys'),
(185, 0, 69, 'Seven Boys'),
(186, 1, 70, 'INFINITE'),
(187, 0, 70, 'INFINITY'),
(188, 0, 70, 'INFINETY'),
(189, 1, 71, 'SISTAR'),
(190, 0, 71, '4minute'),
(191, 0, 71, 'Secret'),
(192, 0, 71, 'Miss A'),
(193, 0, 71, 'KARA'),
(194, 0, 71, 'Wonder Girls'),
(195, 1, 72, '2AM'),
(196, 0, 72, '2PM'),
(197, 0, 72, 'One Day'),
(198, 1, 73, 'B.A.P'),
(199, 0, 73, 'B.I.G'),
(200, 0, 73, 'M.I.B'),
(201, 0, 73, 'M.I.K'),
(202, 1, 74, 'BEAST'),
(203, 0, 74, 'MONSTER'),
(204, 0, 74, 'BATOOST'),
(205, 1, 75, 'Miss A'),
(206, 0, 75, 'Miss B'),
(207, 0, 75, 'Miss C'),
(208, 0, 75, 'Miss D'),
(209, 0, 75, 'Miss E'),
(210, 1, 76, 'Secret'),
(211, 0, 76, 'KARA'),
(212, 0, 76, 'SISTAR'),
(213, 0, 76, 'Wonder Girls'),
(214, 1, 77, 'T-ara'),
(215, 0, 77, 'Tara'),
(216, 0, 77, 'Tiara'),
(217, 1, 78, 'TVXQ!'),
(218, 0, 78, 'TVQX!'),
(219, 0, 78, 'TQVX!'),
(220, 0, 78, 'TQXV!'),
(224, 1, 80, '4TEN'),
(225, 0, 80, '5TEN'),
(227, 0, 22, 'd'),
(231, 0, 65, 'vv'),
(232, 0, 22, 'b'),
(233, 1, 82, '4minute'),
(234, 0, 82, 'a'),
(235, 0, 82, 'b'),
(236, 0, 82, 'c'),
(238, 1, 83, '2NE1'),
(239, 0, 83, 'Girls'' Generation'),
(240, 0, 83, '4minute'),
(241, 0, 83, 'f(x)'),
(242, 1, 84, '4minute'),
(243, 0, 84, '2NE1'),
(244, 0, 84, 'Girls'' Generation'),
(245, 0, 84, 'f(x)'),
(246, 1, 85, 'Big Bang'),
(247, 0, 85, 'EXO'),
(248, 0, 85, 'Super Junior'),
(249, 0, 85, 'U-KISS'),
(250, 0, 83, 'SISTAR'),
(251, 0, 84, 'SISTAR'),
(252, 0, 85, '2PM'),
(253, 1, 86, 'Girls'' Generation'),
(254, 0, 86, '2NE1'),
(255, 0, 86, '4minute'),
(256, 0, 86, 'f(x)'),
(257, 0, 86, 'SISTAR'),
(263, 1, 88, 'EXO'),
(264, 0, 88, 'Big Bang'),
(265, 0, 88, 'Super Junior'),
(266, 0, 88, 'U-KISS'),
(267, 0, 88, '2PM'),
(268, 1, 89, 'f(x)'),
(269, 0, 89, '2NE1'),
(270, 0, 89, '4minute'),
(271, 0, 89, 'Girls'' Generation'),
(272, 0, 89, 'SISTAR'),
(273, 1, 90, 'SISTAR'),
(274, 0, 90, '2NE1'),
(275, 0, 90, 'Girl''s Generation'),
(276, 0, 90, 'f(x)'),
(277, 0, 90, '4minute'),
(278, 1, 91, 'Super Junior'),
(279, 0, 91, 'Big Bang'),
(280, 0, 91, 'EXO'),
(281, 0, 91, 'U-KISS'),
(282, 0, 91, '2PM'),
(283, 1, 92, 'U-KISS'),
(284, 0, 92, 'Big Bang'),
(285, 0, 92, 'EXO'),
(286, 0, 92, 'Super Junior'),
(287, 0, 92, '2PM'),
(288, 1, 93, '2PM'),
(289, 0, 93, 'Big Bang'),
(290, 0, 93, 'EXO'),
(291, 0, 93, 'Super Junior'),
(292, 0, 93, 'U-KISS'),
(293, 1, 94, 'SHINee'),
(294, 0, 94, 'INFINITE'),
(295, 0, 94, 'GOT7'),
(296, 0, 94, '2AM'),
(297, 0, 94, 'B.A.P'),
(298, 1, 95, 'GOT7'),
(299, 0, 95, 'SHINee'),
(300, 0, 95, 'INFINITE'),
(301, 0, 95, '2AM'),
(302, 0, 95, 'B.A.P'),
(303, 1, 96, 'INFINITE'),
(304, 0, 96, 'SHINee'),
(305, 0, 96, 'GOT7'),
(306, 0, 96, '2AM'),
(307, 0, 96, 'B.A.P'),
(308, 1, 97, '2AM'),
(309, 0, 97, 'SHINee'),
(310, 0, 97, 'GOT7'),
(311, 0, 97, 'INFINITE'),
(312, 0, 97, 'B.A.P'),
(313, 1, 98, 'B.A.P'),
(314, 0, 98, 'SHINee'),
(315, 0, 98, 'GOT7'),
(316, 0, 98, 'INFINITE'),
(317, 0, 98, '2AM'),
(318, 1, 99, 'Miss A'),
(319, 0, 99, 'After School'),
(320, 0, 99, 'APink'),
(321, 0, 99, 'KARA'),
(322, 0, 99, 'Secret'),
(323, 1, 100, 'After School'),
(324, 0, 100, 'Miss A'),
(325, 0, 100, 'Secret'),
(326, 0, 100, 'Apink'),
(327, 0, 100, 'KARA'),
(328, 1, 101, 'APink'),
(329, 0, 101, 'Miss A'),
(330, 0, 101, 'After School'),
(331, 0, 101, 'KARA'),
(332, 0, 101, 'Secret'),
(333, 1, 102, 'KARA'),
(334, 0, 102, 'Miss A'),
(335, 0, 102, 'After School'),
(336, 0, 102, 'APink'),
(337, 0, 102, 'Secret'),
(338, 1, 103, 'BEAST'),
(339, 0, 103, 'TVXQ!'),
(340, 0, 103, 'BTS'),
(341, 0, 103, 'ZE:A'),
(342, 0, 103, 'Block B'),
(343, 1, 104, 'TVXQ!'),
(344, 0, 104, 'BEAST'),
(345, 0, 104, 'BTS'),
(346, 0, 104, 'ZE:A'),
(347, 0, 104, 'Block B'),
(348, 1, 105, 'BTS'),
(349, 0, 105, 'BEAST'),
(350, 0, 105, 'TVXQ!'),
(351, 0, 105, 'ZE:A'),
(352, 0, 105, 'Block B'),
(353, 1, 106, 'ZE:A'),
(354, 0, 106, 'BEAST'),
(355, 0, 106, 'TVXQ!'),
(356, 0, 106, 'BTS'),
(357, 0, 106, 'Block B'),
(358, 1, 107, 'Block B'),
(359, 0, 107, 'BEAST'),
(360, 0, 107, 'TVXQ!'),
(361, 0, 107, 'BTS'),
(362, 0, 107, 'ZE:A'),
(363, 1, 108, 'T-ara'),
(364, 0, 108, 'AOA'),
(365, 0, 108, 'Girl''s Day'),
(366, 0, 108, 'Red Velvet'),
(367, 0, 108, 'Wonder Girls'),
(368, 1, 109, 'AOA'),
(369, 0, 109, 'T-ara'),
(370, 0, 109, 'Girl''s Day'),
(371, 0, 109, 'Red Velvet'),
(372, 0, 109, 'Wonder Girls'),
(373, 1, 110, 'Girl''s Day'),
(374, 0, 110, 'T-ara'),
(375, 0, 110, 'AOA'),
(376, 0, 110, 'Red Velvet'),
(377, 0, 110, 'Wonder Girls'),
(378, 1, 111, 'Red Velvet'),
(379, 0, 111, 'T-ara'),
(380, 0, 111, 'AOA'),
(381, 0, 111, 'Girl''s Day'),
(382, 0, 111, 'Wonder Girls'),
(383, 1, 112, 'Wonder Girls'),
(384, 0, 112, 'T-ara'),
(385, 0, 112, 'AOA'),
(386, 0, 112, 'Girl''s Day'),
(387, 0, 112, 'Red Velvet'),
(388, 1, 113, 'BTOB'),
(389, 0, 113, 'FT Island'),
(390, 0, 113, 'VIXX'),
(391, 0, 113, 'CNBLUE'),
(392, 0, 113, 'WINNER'),
(393, 1, 114, 'FT Island'),
(394, 0, 114, 'BTOB'),
(395, 0, 114, 'VIXX'),
(396, 0, 114, 'CNBLUE'),
(397, 0, 114, 'WINNER'),
(398, 1, 115, 'VIXX'),
(399, 0, 115, 'BTOB'),
(400, 0, 115, 'FT Island'),
(401, 0, 115, 'CNBLUE'),
(402, 0, 115, 'WINNER'),
(403, 1, 116, 'CNBLUE'),
(404, 0, 116, 'BTOB'),
(405, 0, 116, 'FT Island'),
(406, 0, 116, 'VIXX'),
(407, 0, 116, 'WINNER'),
(408, 1, 117, 'WINNER'),
(409, 0, 117, 'BTOB'),
(410, 0, 117, 'FT Island'),
(411, 0, 117, 'VIXX'),
(412, 0, 117, 'CNBLUE'),
(413, 1, 118, 'Hello Venus'),
(414, 0, 118, 'Brown Eyed Girls'),
(415, 0, 118, 'EXID'),
(416, 0, 118, 'RAINBOW'),
(417, 0, 118, 'Crayon Pop'),
(418, 1, 119, 'Brown Eyed Girls'),
(419, 0, 119, 'Hello Venus'),
(420, 0, 119, 'EXID'),
(421, 0, 119, 'RAINBOW'),
(422, 0, 119, 'Crayon Pop'),
(423, 1, 120, 'EXID'),
(424, 0, 120, 'Hello Venus'),
(425, 0, 120, 'Brown Eyed Girls'),
(426, 0, 120, 'RAINBOW'),
(427, 0, 120, 'Crayon Pop'),
(428, 1, 121, 'RAINBOW'),
(429, 0, 121, 'Hello Venus'),
(430, 0, 121, 'Brown Eyed Girls'),
(431, 0, 121, 'EXID'),
(432, 0, 121, 'Crayon Pop'),
(433, 1, 122, 'Crayon Pop'),
(434, 0, 122, 'Hello Venus'),
(435, 0, 122, 'Brown Eyed Girls'),
(436, 0, 122, 'EXID'),
(437, 0, 122, 'RAINBOW'),
(438, 1, 123, 'MBLAQ'),
(439, 0, 123, 'TEEN TOP'),
(440, 0, 123, 'B1A4'),
(441, 0, 123, 'NU''EST'),
(442, 0, 123, '100%'),
(443, 1, 124, 'TEEN TOP'),
(444, 0, 124, 'MBLAQ'),
(445, 0, 124, 'B1A4'),
(446, 0, 124, 'NU''EST'),
(447, 0, 124, '100%'),
(448, 1, 125, 'B1A4'),
(449, 0, 125, 'MBLAQ'),
(450, 0, 125, 'TEEN TOP'),
(451, 0, 125, 'NU''EST'),
(452, 0, 125, '100%'),
(453, 1, 126, 'NU''EST'),
(454, 0, 126, 'MBLAQ'),
(455, 0, 126, 'TEEN TOP'),
(456, 0, 126, 'B1A4'),
(457, 0, 126, '100%'),
(458, 1, 127, '100%'),
(459, 0, 127, 'MBLAQ'),
(460, 0, 127, 'TEEN TOP'),
(461, 0, 127, 'B1A4'),
(462, 0, 127, 'NU''EST'),
(463, 1, 128, 'Orange Caramel'),
(464, 0, 128, 'Nine Muses'),
(465, 0, 128, 'SPICA'),
(466, 0, 128, 'MAMAMOO'),
(467, 0, 128, 'Davichi'),
(468, 1, 129, 'Nine Muses'),
(469, 0, 129, 'Orange Caramel'),
(470, 0, 129, 'SPICA'),
(471, 0, 129, 'MAMAMOO'),
(472, 0, 129, 'Davichi'),
(473, 1, 130, 'SPICA'),
(474, 0, 130, 'Orange Caramel'),
(475, 0, 130, 'Nine Muses'),
(476, 0, 130, 'Davichi'),
(477, 0, 130, 'MAMAMOO'),
(478, 1, 131, 'MAMAMOO'),
(479, 0, 131, 'Orange Caramel'),
(480, 0, 131, 'Nine Muses'),
(481, 0, 131, 'SPICA'),
(482, 0, 131, 'Davichi'),
(483, 1, 132, 'Davichi'),
(484, 0, 132, 'Orange Caramel'),
(485, 0, 132, 'Nine Muses'),
(486, 0, 132, 'SPICA'),
(487, 0, 132, 'MAMAMOO'),
(488, 1, 133, 'Secret'),
(489, 0, 133, 'Miss A'),
(490, 0, 133, 'After School'),
(491, 0, 133, 'APink'),
(492, 0, 133, 'KARA'),
(493, 0, 22, 'g');

-- --------------------------------------------------------

--
-- Table structure for table `Bloodtype`
--

CREATE TABLE `Bloodtype` (
  `idBloodtype` int(11) NOT NULL AUTO_INCREMENT,
  `Bloodtypename` varchar(7) NOT NULL,
  PRIMARY KEY (`idBloodtype`)
) ENGINE=InnoDB  DEFAULT CHARSET=utf8 AUTO_INCREMENT=6 ;

--
-- Dumping data for table `Bloodtype`
--

INSERT INTO `Bloodtype` (`idBloodtype`, `Bloodtypename`) VALUES
(1, 'A'),
(2, 'B'),
(3, 'AB'),
(4, 'O'),
(5, 'Unknown');

-- --------------------------------------------------------

--
-- Table structure for table `ci_sessions`
--

CREATE TABLE `ci_sessions` (
  `session_id` varchar(40) NOT NULL DEFAULT '0',
  `ip_address` varchar(45) NOT NULL DEFAULT '0',
  `user_agent` varchar(120) NOT NULL,
  `last_activity` int(10) unsigned NOT NULL DEFAULT '0',
  `user_data` text NOT NULL,
  PRIMARY KEY (`session_id`),
  KEY `last_activity_idx` (`last_activity`)
) ENGINE=InnoDB DEFAULT CHARSET=utf8;

--
-- Dumping data for table `ci_sessions`
--

INSERT INTO `ci_sessions` (`session_id`, `ip_address`, `user_agent`, `last_activity`, `user_data`) VALUES
('01761d07e524e376edd501bac7382355', '::1', 'Mozilla/5.0 (Macintosh; Intel Mac OS X 10_10_0) AppleWebKit/537.36 (KHTML, like Gecko) Chrome/41.0.2272.76 Safari/537.36', 1425992524, 'a:2:{s:9:"user_data";s:0:"";s:9:"logged_in";a:2:{s:6:"idUser";s:1:"1";s:8:"Username";s:10:"masamuneNL";}}');

-- --------------------------------------------------------

--
-- Table structure for table `Groups`
--

CREATE TABLE `Groups` (
  `idGroup` int(11) NOT NULL AUTO_INCREMENT,
  `Groupname` varchar(45) NOT NULL,
  `Imgname` varchar(45) NOT NULL,
  `Label_idLabel` int(11) NOT NULL,
  `Debut` date NOT NULL,
  `Active` tinyint(1) NOT NULL,
  `Fanclub` varchar(45) DEFAULT NULL,
  `Color` varchar(45) DEFAULT NULL,
  PRIMARY KEY (`idGroup`),
  KEY `fk_Group_Label_idx` (`Label_idLabel`)
) ENGINE=InnoDB  DEFAULT CHARSET=utf8 AUTO_INCREMENT=199 ;

--
-- Dumping data for table `Groups`
--

INSERT INTO `Groups` (`idGroup`, `Groupname`, `Imgname`, `Label_idLabel`, `Debut`, `Active`, `Fanclub`, `Color`) VALUES
(2, 'Shinhwa', 'Shinhwa', 2, '1998-03-24', 1, 'Shinhwa Changjo', 'Orange'),
(3, 'Koyote', 'Koyote', 3, '1998-01-01', 1, 'Little Sun', 'Pearl Blue'),
(4, 'G.O.D.', 'G.O.D', 4, '1999-01-01', 1, 'Fan God', 'Sky Blue'),
(5, 'Jewelry', 'Jewelry', 5, '2001-01-01', 1, 'Jewelry Box', 'Pearl Blue'),
(6, 'Leessang', 'Leessang', 6, '2002-01-01', 1, '-', '-'),
(7, 'Dynamic Duo', 'Dynamic_Duo', 7, '2003-05-17', 1, '-', '-'),
(8, 'Epik High', 'Epik_High', 8, '2003-11-24', 1, '-', '-'),
(9, 'TVXQ!', 'TVXQ', 9, '2004-01-14', 1, 'Cassiopeia', 'Pearl Red'),
(10, 'SS501', 'SS501', 10, '2005-06-23', 1, 'Triple S', 'Pearl Light Green'),
(11, 'Super Junior', 'Super_Junior', 9, '2005-12-05', 1, 'E.L.F.', 'Pearl Sapphire Blue'),
(12, 'Brown Eyed Girls', 'Brown_Eyed_Girls', 11, '2006-03-02', 1, 'Everlasting', 'Yellow and black'),
(13, 'Big Bang', 'Big_Bang', 8, '2006-08-29', 1, 'V.I.P', '-'),
(14, 'Wonder Girls', 'Wonder_Girls', 12, '2007-02-13', 1, 'Wonderfuls', 'Pearl Burgundy'),
(15, 'KARA', 'KARA', 10, '2007-03-29', 1, 'Kamilia', 'Pearl Peach'),
(16, 'FT Island', 'F.T.Island', 13, '2007-07-08', 1, 'Primadonna', 'Yellow'),
(17, 'Girls'' Generation', 'SNSD', 9, '2007-08-03', 1, 'Sone', 'Pastel Rose Pink'),
(18, 'Sunny Hill', 'Sunny_Hill', 14, '2007-09-20', 1, 'H:LLËR', 'Sunshine Yellow'),
(19, 'Supernova', 'Supernova', 15, '2007-09-20', 1, 'Stardust', 'Pearl'),
(20, 'Davichi', 'Davichi', 16, '2008-01-28', 1, 'Girls High', '-'),
(21, 'SHINee', 'SHINee', 9, '2008-05-22', 1, 'SHINee World (Shawol)', 'Pearl Aqua Green'),
(22, '2AM', '2AM', 12, '2008-07-11', 1, 'I AM', 'Metal Grey'),
(23, '2PM', '2PM', 12, '2008-08-28', 1, 'Hottest', 'Metal Grey'),
(24, 'U-KISS', 'U-KISS', 17, '2008-09-03', 1, 'Kiss Me', 'Pearl Fuchsia'),
(25, 'After School', 'After_School', 18, '2009-01-15', 1, 'Playgirlz/Boyz', 'Yellow'),
(26, '2NE1', '2NE1', 8, '2009-01-15', 1, 'Blackjacks', 'Hot Pink'),
(27, '4minute', '4minute', 19, '2009-06-15', 1, '4NIA', 'Pearl Purple'),
(28, 'T-ara', 'T-ara', 20, '2009-07-27', 1, 'QUEEN''S', 'Pearl Ivory'),
(29, 'f(x)', 'f(x)', 9, '2009-09-01', 1, '-', 'Pearl Light Periwinkle'),
(30, 'Secret', 'Secret', 21, '2009-10-13', 1, 'SECRETTIME', 'White'),
(31, 'BEAST', 'BEAST', 19, '2009-10-14', 1, 'B2UTY', 'Dark Grey'),
(32, 'MBLAQ', 'MBLAQ', 22, '2009-10-14', 1, 'A+', 'Pearl Chocolate'),
(33, 'RAINBOW', 'RAINBOW', 10, '2009-11-12', 1, 'Rain-nous', '7 Colored Rainbow'),
(34, 'ZE:A', 'ZEA', 5, '2010-01-07', 1, 'ZE:A Style', 'Jade Green'),
(35, 'F.CUZ', 'F.CUZ', 23, '2010-01-08', 1, 'For U', 'Twinkle Light Silver'),
(36, 'CNBLUE', 'CNBLUE', 13, '2010-01-14', 1, 'Boice', 'Blue'),
(37, 'DGNA/The BOSS', 'DGNA', 24, '2010-03-04', 1, 'MASTER', 'Pearl Terracotta'),
(38, 'SISTAR', 'SISTAR', 25, '2010-06-03', 1, 'STAR1 (Style)', 'Fuchsia'),
(39, 'INFINITE', 'INFINITE', 26, '2010-06-09', 1, 'Inspirit', 'Metal Gold Pearl'),
(40, 'Orange Caramel', 'Orange_Caramel', 18, '2010-06-16', 1, 'Unknown', 'Unknown'),
(41, 'Miss A', 'Miss_A', 12, '2010-07-01', 1, 'Say A', '-'),
(42, 'Girl''s Day', 'Girls_Day', 27, '2010-07-09', 1, 'DAI5Y', '-'),
(43, 'TEEN TOP', 'TEEN_TOP', 28, '2010-07-09', 1, 'Angel', 'Pearl Light Lavender'),
(44, 'Nine Muses', 'Nine_Muses', 25, '2010-08-12', 1, 'Mine', '-'),
(45, 'GP Basic', 'GP_Basic', 29, '2010-08-13', 1, 'Spade', 'Purple'),
(46, 'DMTN', 'DMTN', 30, '2010-09-01', 1, 'Dalmate', '-'),
(47, 'Coed School', 'Coed_School', 20, '2010-09-30', 1, 'Unknown', 'Unknown'),
(48, 'LED Apple', 'LED_Apple', 31, '2010-10-07', 1, 'L.E.D.A', 'Pearl Teal'),
(49, 'JYJ', 'JYJ', 32, '2010-10-14', 1, '-', 'Pearl Red'),
(50, 'Dal Shabet', 'Dal_Shabet', 33, '2011-01-04', 1, 'Darling', '-'),
(51, 'Piggy Dolls', 'Piggy_Dolls', 34, '2011-01-06', 1, 'Unknown', 'Unknown'),
(52, 'F-ve Dolls', 'F-ve_Dolls', 20, '2011-02-11', 1, 'Dolly', 'Rainbow'),
(53, 'CHI CHI', 'CHI_CHI', 35, '2011-03-18', 1, 'Shy Girl/Boy', '-'),
(54, 'RaNia', 'RaNia', 36, '2011-04-06', 1, 'A1ST (A-First)', '-'),
(55, 'Brave Girls', 'Brave_Girls', 37, '2011-04-08', 1, 'FEARLESS', '-'),
(56, 'Block B', 'Block_B', 38, '2011-04-14', 1, 'BBC', 'Black and yellow (stripes)'),
(57, 'APink', 'APink', 39, '2011-04-19', 1, 'Pink Panda', 'Pink'),
(58, 'B1A4', 'B1A4', 40, '2011-04-21', 1, 'BANA', 'Pastel Apple Lime'),
(59, 'Blady', 'Blady', 41, '2011-05-05', 1, 'Hi Ade', '-'),
(60, 'Boyfriend', 'Boyfriend', 25, '2011-05-26', 1, 'Best Friend', '-'),
(61, 'N-Train', 'N-Train', 42, '2011-05-27', 1, 'Eternal', '-'),
(62, 'Chocolat', 'Chocolat', 43, '2011-08-16', 1, 'Chocolatier', '-'),
(63, 'Stellar', 'Stellar', 44, '2011-08-23', 1, 'Unknown', 'Unknown'),
(64, 'C-Real', 'C-Real', 45, '2011-10-12', 1, 'C-REALing', '-'),
(65, 'M.I.B', 'M.I.B', 6, '2011-10-25', 1, 'Buster', '-'),
(66, 'MYNAME', 'MYNAME', 46, '2011-10-28', 1, 'MYgirl', '-'),
(67, 'AA', 'AA', 47, '2011-11-03', 1, 'W', '-'),
(68, 'SPICA', 'SPICA', 48, '2012-01-10', 1, 'Mercury', '-'),
(69, 'B.A.P', 'B.A.P', 21, '2012-01-26', 1, 'Baby', 'Spring Green'),
(70, 'EXID', 'EXID', 36, '2012-02-16', 1, 'L.E.G.O', '-'),
(71, 'NU''EST', 'NUEST', 18, '2012-03-15', 1, 'Love', 'Neon Pink'),
(72, 'BTOB', 'BTOB', 19, '2012-03-21', 1, 'Melody', 'Slow Blue'),
(73, 'VIVID', 'VIVID', 49, '2012-03-28', 1, 'Unknown', 'Unknown'),
(74, 'EXO', 'EXO', 9, '2012-04-09', 1, 'EXO-L', '-'),
(75, 'Hello Venus', 'Hello_Venus', 18, '2012-05-05', 1, 'Hello Cupid', 'Lime Green'),
(76, 'She''z', 'Shez', 50, '2012-05-18', 1, 'Holic', '-'),
(77, 'Sunny Days', 'Sunny_Days', 51, '2012-05-18', 1, 'Unknown', 'Unknown'),
(78, 'VIXX', 'VIXX', 52, '2012-05-24', 1, 'STARLIGHT', '-'),
(79, 'A-JAX', 'A-JAX', 10, '2012-06-01', 1, 'A-Light', '-'),
(80, 'CROSS GENE', 'CROSS_GENE', 53, '2012-06-08', 1, 'CROSS GENE PLANET', 'Unknown'),
(81, 'BIKINY', 'BIKINY', 54, '2012-06-14', 1, 'Unknown', 'Unknown'),
(82, 'Flashe', 'Flashe', 55, '2012-07-04', 1, 'Unknown', 'Unknown'),
(83, 'BIGSTAR/Big Star', 'Big_Star', 37, '2012-07-12', 1, 'Only One', '-'),
(84, 'GLAM', 'GLAM', 56, '2012-07-16', 1, 'Unknown', 'Unknown'),
(85, 'Crayon Pop', 'CRAYON_POP', 57, '2012-07-18', 1, '-', 'Apple Green'),
(86, 'C-Clown', 'C-Clown', 36, '2012-07-19', 1, 'Crown', 'Pearl Forest Green'),
(87, 'TAHITI', 'TAHITI', 58, '2012-07-24', 1, '-', 'Black Pearl'),
(88, 'JEVICE', 'JEVICE', 27, '2012-07-27', 1, 'GEMINIS', 'Unknown'),
(89, 'AOA', 'AOA', 13, '2012-07-30', 1, 'Elvis', '-'),
(90, 'D-UNIT', 'D-UNIT', 59, '2012-08-02', 1, 'Unique', '-'),
(91, 'TASTY', 'TASTY', 26, '2012-08-09', 1, '2wings', '-'),
(92, 'EvoL', 'EvoL', 60, '2012-08-10', 1, 'Vollers', '-'),
(93, 'Phantom', 'Phantom', 61, '2012-08-16', 1, 'Unknown', 'Unknown'),
(94, 'Skarf', 'Skarf', 62, '2012-08-16', 1, 'Unknown', 'Unknown'),
(95, 'TWO X', 'TWO_X', 22, '2012-08-16', 1, 'Doubling', '-'),
(96, 'NewUs', 'NewUs', 63, '2012-08-17', 1, 'Unknown', 'Unknown'),
(97, 'Tiny-G', 'Tiny-G', 64, '2012-08-23', 1, 'MINI-ME', '-'),
(98, 'Fiestar', 'Fiestar', 14, '2012-08-31', 1, 'Lets', '-'),
(99, '24K', '24K', 65, '2012-09-06', 1, 'Unknown', 'Unknown'),
(100, '100%', '100percent', 28, '2012-09-18', 1, 'Perfection', '-'),
(101, 'OFFROAD', 'OFFROAD', 66, '2012-09-19', 1, 'Unknown', 'Unknown'),
(102, 'BBde Girl', 'BBde_Girl', 67, '2012-09-20', 1, 'Unknown', 'Unknown'),
(103, 'Lunafly', 'Lunafly', 11, '2012-09-27', 1, 'Lukie', '-'),
(104, 'Mr. Mr.', 'Mr._Mr.', 34, '2012-10-04', 1, 'Miso', '-'),
(105, '15&', '15&', 12, '2012-10-05', 1, 'Unknown', 'Unknown'),
(106, 'A.Cian', 'A.Cian', 68, '2012-10-05', 1, 'Unknown', 'Unknown'),
(107, 'TOXIC', 'TOXIC', 69, '2012-10-12', 1, 'Unknown', 'Unknown'),
(108, 'Queen B''Z', 'Queen_BZ', 70, '2012-10-16', 1, 'Unknown', 'Unknown'),
(109, 'Wonder Boyz', 'Wonder_Boyz', 71, '2012-10-16', 1, 'Unknown', 'Unknown'),
(110, 'EXCITE', 'EXCITE', 72, '2012-10-22', 1, 'Unknown', 'Unknown'),
(111, 'A-Prince', 'A-Prince', 73, '2012-11-06', 1, 'A-Land', '-'),
(112, 'The Seeya', 'The_Seeya', 20, '2012-11-11', 1, 'SeeYa With You', 'Pearl Light Pink'),
(113, 'Airplane', 'Airplane', 74, '2013-01-04', 1, 'Unknown', 'Unknown'),
(114, 'SPEED', 'SPEED', 20, '2013-01-07', 1, 'DEEPS', '-'),
(115, 'Egobomb', 'Egobomb', 75, '2013-01-09', 1, 'Unknown', 'Unknown'),
(116, 'Pascol', 'Pascol', 76, '2013-01-10', 1, 'Unknown', 'Unknown'),
(117, 'BPPOP', 'BPPOP', 77, '2013-01-16', 1, 'Unknown', 'Unknown'),
(118, 'NEVER MIND', 'NEVER_MIND', 78, '2013-01-28', 1, 'Unknown', 'Unknown'),
(119, 'Purplay', 'Purplay', 79, '2013-02-07', 1, 'Unknown', 'Unknown'),
(120, 'ICONIZE', 'ICONIZE', 80, '2013-02-25', 1, 'Unknown', 'Unknown'),
(121, 'LADIES'' CODE', 'LADIES_CODE', 81, '2013-03-07', 1, 'Lavely', '-'),
(122, 'Delight', 'Delight', 82, '2013-04-02', 1, 'Unknown', 'Unknown'),
(123, 'GI/Global Icon', 'Global_Icon', 83, '2013-04-03', 1, 'Unknown', 'Unknown'),
(124, 'PURE', 'PURE', 84, '2013-04-05', 1, 'Unknown', 'Unknown'),
(125, 'HISTORY', 'HISTORY', 14, '2013-04-26', 1, 'Storia', '-'),
(126, 'LC9', 'LC9', 11, '2013-05-05', 1, 'Love Beat', '-'),
(127, 'Boys Republic', 'Boys_Republic', 16, '2013-06-05', 1, 'Royal Family', '-'),
(128, 'BTS', 'BTS', 56, '2013-06-13', 1, 'A.R.M.Y', '-'),
(129, 'ODD EYE', 'ODD_EYE', 85, '2013-06-14', 1, 'Unknown', 'Unknown'),
(130, '2EYES', '2EYES', 4, '2013-06-21', 1, 'Unknown', 'Unknown'),
(131, 'Turan', 'Turan', 86, '2013-07-07', 1, 'Unknown', 'Unknown'),
(132, 'BESTie', 'BESTie', 87, '2013-07-12', 1, 'Unknown', 'Unknown'),
(133, 'M.I.K', 'M.I.K', 88, '2013-07-23', 1, 'Unknown', 'Unknown'),
(134, 'Lush', 'Lush', 89, '2013-07-24', 1, 'Unknown', 'Unknown'),
(135, 'Say Yes', 'Say_Yes', 90, '2013-07-26', 1, 'Unknown', 'Unknown'),
(136, 'ESQ', 'ESQ', 91, '2013-08-01', 1, 'Unknown', 'Unknown'),
(137, 'M.Pire', 'M.Pire', 92, '2013-08-08', 1, 'Muse', '-'),
(138, 'Wassup', 'Wassup', 93, '2013-08-08', 1, 'Unknown', 'Unknown'),
(139, 'Honey G', 'Honey_G', 94, '2013-08-22', 1, 'Unknown', 'Unknown'),
(140, 'Royal Pirates', 'Royal_Pirates', 95, '2013-08-26', 1, 'Unknown', 'Unknown'),
(141, 'Tren-D', 'Tren-D', 96, '2013-10-02', 1, 'Unknown', 'Unknown'),
(142, 'Veloce', 'Veloce', 97, '2013-10-16', 1, 'Unknown', 'Unknown'),
(143, 'Timber', 'Timber', 98, '2013-10-18', 1, 'Unknown', 'Unknown'),
(144, 'Topp Dogg', 'Topp_Dogg', 60, '2013-10-24', 1, 'Unknown', 'Unknown'),
(145, 'Tint', 'Tint', 99, '2013-10-30', 1, 'Unknown', 'Unknown'),
(146, 'AlphaBat', 'AlphaBat', 83, '2013-11-11', 1, 'Unknown', 'Unknown'),
(147, 'K-MUCH', 'K-MUCH', 57, '2014-01-06', 1, 'Unknown', 'Unknown'),
(148, 'GOT7', 'GOT7', 12, '2014-01-16', 1, 'Unknown', 'Unknown'),
(149, 'Kiss&Cry', 'Kiss&Cry', 100, '2014-01-24', 1, 'Unknown', 'Unknown'),
(150, 'Lip Service', 'Lip_Service', 101, '2014-02-03', 1, 'Unknown', 'Unknown'),
(151, 'Bebop', 'Bebop', 102, '2014-02-13', 1, 'Unknown', 'Unknown'),
(152, 'Melody Day', 'Melody_Day', 103, '2014-02-25', 1, 'Unknown', 'Unknown'),
(153, '1PS', '1PS', 15, '2014-02-25', 1, 'Unknown', 'Unknown'),
(154, 'Scarlet', 'Scarlet', 104, '2014-03-06', 1, 'Unknown', 'Unknown'),
(155, 'Smile.g', 'Smile.g', 105, '2014-03-28', 1, 'Unknown', 'Unknown'),
(156, 'Wings', 'Wings', 106, '2014-03-12', 1, 'Unknown', 'Unknown'),
(157, 'So Real', 'So_Real', 5, '2014-03-13', 1, 'Unknown', 'Unknown'),
(158, 'TROY', 'TROY', 107, '2014-03-13', 1, 'Unknown', 'Unknown'),
(159, 'JACE', 'JACE', 108, '2014-03-18', 1, 'Unknown', 'Unknown'),
(160, 'Billion', 'Billion', 109, '2014-03-24', 1, 'Unknown', 'Unknown'),
(161, 'JJCC', 'JJCC', 110, '2014-03-24', 1, 'Unknown', 'Unknown'),
(162, 'Alice White', 'Alice_White', 111, '2014-04-04', 1, 'Unknown', 'Unknown'),
(163, 'AKMU/Akdong Musician', 'Akdong_Musician', 8, '2014-04-07', 1, 'Unknown', 'Unknown'),
(164, 'HIGH4', 'HIGH4', 45, '2014-04-07', 1, 'Unknown', 'Unknown'),
(165, 'BTL/Beyond The Light', 'BTL', 112, '2014-05-15', 1, '-', '-'),
(166, 'Bay.B', 'Bay.B', 113, '2014-05-16', 1, 'Unknown', 'Unknown'),
(167, 'Berry Good', 'Berry_Good', 114, '2014-05-21', 1, 'Unknown', 'Unknown'),
(168, 'Bob Girls', 'Bob_Girls', 57, '2014-06-10', 1, 'Unknown', 'Unknown'),
(169, 'MAMAMOO', 'MAMAMOO', 61, '2014-06-18', 1, 'Unknown', 'Unknown'),
(170, 'BiGFLO', 'BiGFLO', 115, '2014-06-23', 1, 'Unknown', 'Unknown'),
(171, 'HALO', 'HALO', 116, '2014-06-28', 1, 'Unknown', 'Unknown'),
(172, 'LU:KUS', 'LUKUS', 117, '2014-07-03', 1, 'Unknown', 'Unknown'),
(173, 'B.I.G/Boys in Groove', 'B.I.G', 99, '2014-07-08', 1, 'Unknown', 'Unknown'),
(174, 'LODIA', 'LODIA', 118, '2014-07-09', 1, 'Unknown', 'Unknown'),
(175, 'LEGEND', 'LEGEND', 119, '2014-07-09', 1, 'Unknown', 'Unknown'),
(176, 'Play the Siren', 'Play_the_Siren', 120, '2014-07-17', 1, 'Unknown', 'Unknown'),
(177, 'A.Kor', 'A.Kor', 121, '2014-07-24', 1, 'Unknown', 'Unknown'),
(178, 'N*White', 'NWhite', 122, '2014-09-16', 1, 'Unknown', 'Unknown'),
(179, 'Ye-A', 'Ye-A', 112, '2014-07-18', 1, 'Unknown', 'Unknown'),
(180, 'Taurine', 'Taurine', 123, '2014-07-26', 1, 'Unknown', 'Unknown'),
(181, 'ZEST', 'ZEST', 124, '2014-07-27', 1, 'Unknown', 'Unknown'),
(182, 'Red Velvet', 'Red_Velvet', 9, '2014-08-01', 1, 'Unknown', 'Unknown'),
(183, '4L/Four Ladies', 'Four_Ladies', 125, '2014-08-01', 1, 'Unknown', 'Unknown'),
(184, 'WINNER', 'WINNER', 8, '2014-08-11', 1, 'Inner Circle', 'Unknown'),
(185, '4TEN', '4TEN', 6, '2014-08-25', 1, 'Unknown', 'Unknown'),
(186, 'LABOUM', 'LABOUM', 17, '2014-08-28', 1, 'Unknown', 'Unknown'),
(187, 'MINX', 'MINX', 33, '2014-09-18', 1, 'Unknown', 'Unknown'),
(188, 'Switch', 'Switch', 127, '2014-09-19', 1, 'Unknown', 'Unknown'),
(189, 'ZPZG', 'ZPZG', 128, '2014-09-26', 1, 'Unknown', 'Unknown'),
(190, 'MAD TOWN', 'MAD_TOWN', 22, '2014-10-06', 1, 'Unknown', 'Unknown'),
(191, 'UNIQ', 'UNIQ', 8, '2014-10-20', 1, 'Unknown', 'Unknown'),
(192, 'Purfles', 'Purfles', 129, '2014-10-23', 1, 'Unknown', 'Unknown'),
(193, 'D.Holic', 'D.Holic', 130, '2014-10-23', 1, 'Unknown', 'Unknown'),
(194, 'Atomic Kiz', 'Atomic_Kiz', 131, '2014-11-04', 1, 'Unknown', 'Unknown'),
(195, 'Lovelyz', 'Lovelyz', 26, '2014-11-17', 1, 'Unknown', 'Unknown'),
(196, '5urprise', '5urprise', 132, '2014-11-18', 1, 'Unknown', 'Unknown'),
(197, 'Sonamoo', 'Sonamoo', 21, '2014-12-22', 1, 'Unknown', 'Unknown'),
(198, 'G-friend', 'Gfriend', 133, '2015-01-15', 1, 'Unknown', 'Unknown');

-- --------------------------------------------------------

--
-- Table structure for table `Groups_Idol`
--

CREATE TABLE `Groups_Idol` (
  `idGroup_Idol` int(11) NOT NULL AUTO_INCREMENT,
  `Active` tinyint(1) NOT NULL,
  `Group_idGroup` int(11) DEFAULT NULL,
  `Idol_idIdol` int(11) DEFAULT NULL,
  PRIMARY KEY (`idGroup_Idol`),
  KEY `fk_Group_Idol_Group1_idx` (`Group_idGroup`),
  KEY `fk_Group_Idol_Idol1_idx` (`Idol_idIdol`)
) ENGINE=InnoDB  DEFAULT CHARSET=utf8 AUTO_INCREMENT=201 ;

--
-- Dumping data for table `Groups_Idol`
--

INSERT INTO `Groups_Idol` (`idGroup_Idol`, `Active`, `Group_idGroup`, `Idol_idIdol`) VALUES
(3, 1, 2, 1),
(4, 1, 2, 3),
(5, 1, 2, 4),
(6, 1, 2, 5),
(7, 1, 2, 6),
(8, 1, 2, 7),
(9, 1, 3, 8),
(10, 1, 3, 9),
(11, 1, 3, 10),
(12, 1, 4, 11),
(13, 1, 4, 12),
(14, 1, 4, 13),
(15, 1, 4, 14),
(16, 1, 4, 15),
(17, 0, 5, 16),
(18, 1, 6, 18),
(19, 1, 6, 20),
(20, 1, 7, 21),
(21, 1, 7, 22),
(22, 1, 8, 23),
(23, 1, 8, 24),
(24, 1, 8, 25),
(25, 1, 9, 26),
(26, 1, 9, 27),
(27, 1, 10, 28),
(28, 1, 10, 29),
(29, 1, 10, 30),
(30, 1, 10, 31),
(31, 1, 10, 32),
(32, 1, 11, 33),
(33, 1, 11, 34),
(34, 1, 11, 35),
(35, 1, 11, 36),
(36, 1, 11, 37),
(37, 1, 11, 38),
(38, 1, 11, 39),
(39, 1, 11, 40),
(40, 1, 11, 41),
(41, 1, 11, 42),
(42, 1, 11, 43),
(43, 1, 11, 44),
(44, 1, 11, 45),
(45, 1, 12, 46),
(46, 1, 12, 47),
(47, 1, 12, 48),
(48, 1, 12, 49),
(49, 1, 13, 50),
(50, 1, 13, 51),
(51, 1, 13, 52),
(52, 1, 13, 53),
(53, 1, 13, 54),
(54, 1, 14, 55),
(55, 1, 14, 56),
(56, 1, 14, 57),
(57, 1, 14, 58),
(58, 1, 15, 59),
(59, 1, 15, 60),
(60, 1, 15, 61),
(61, 1, 15, 62),
(62, 1, 16, 63),
(63, 1, 16, 64),
(64, 1, 16, 65),
(65, 1, 16, 66),
(66, 1, 16, 67),
(67, 1, 17, 68),
(68, 0, 17, 69),
(69, 1, 17, 70),
(70, 1, 17, 71),
(71, 1, 17, 72),
(72, 1, 17, 73),
(73, 1, 17, 74),
(74, 1, 17, 75),
(75, 1, 17, 76),
(76, 1, 18, 77),
(77, 1, 18, 78),
(78, 1, 18, 79),
(79, 1, 18, 80),
(80, 1, 19, 81),
(81, 1, 19, 82),
(82, 1, 19, 83),
(83, 1, 19, 84),
(84, 1, 19, 85),
(85, 1, 19, 86),
(86, 1, 20, 87),
(87, 1, 20, 88),
(88, 1, 21, 89),
(89, 1, 21, 90),
(90, 1, 21, 91),
(91, 1, 21, 92),
(92, 1, 21, 93),
(93, 1, 22, 94),
(94, 1, 22, 95),
(95, 1, 22, 96),
(96, 1, 22, 97),
(97, 1, 23, 98),
(98, 1, 23, 99),
(99, 1, 23, 100),
(100, 1, 23, 101),
(101, 1, 23, 102),
(102, 1, 23, 103),
(103, 1, 24, 104),
(104, 1, 24, 105),
(105, 1, 24, 106),
(106, 1, 24, 107),
(107, 1, 24, 108),
(108, 1, 24, 109),
(109, 1, 24, 110),
(110, 1, 25, 111),
(111, 1, 25, 112),
(112, 1, 25, 113),
(113, 1, 25, 114),
(114, 1, 25, 115),
(115, 1, 25, 116),
(116, 1, 25, 117),
(117, 1, 26, 118),
(118, 1, 26, 119),
(119, 1, 26, 120),
(120, 1, 26, 121),
(121, 1, 27, 122),
(122, 1, 27, 123),
(123, 1, 27, 124),
(124, 1, 27, 125),
(125, 1, 27, 126),
(126, 1, 28, 127),
(127, 1, 28, 128),
(128, 1, 28, 129),
(129, 1, 28, 130),
(130, 1, 28, 131),
(131, 1, 28, 132),
(132, 1, 29, 133),
(133, 1, 29, 134),
(134, 1, 29, 135),
(135, 1, 29, 136),
(136, 1, 29, 137),
(137, 1, 30, 138),
(138, 1, 30, 139),
(139, 1, 30, 140),
(140, 1, 30, 141),
(141, 1, 31, 142),
(142, 1, 31, 143),
(143, 1, 31, 144),
(144, 1, 31, 145),
(145, 1, 31, 146),
(146, 1, 31, 147),
(147, 1, 32, 148),
(148, 1, 32, 149),
(149, 1, 32, 150),
(150, 1, 32, 151),
(151, 1, 32, 152),
(152, 1, 33, 153),
(153, 1, 33, 154),
(154, 1, 33, 155),
(155, 1, 33, 156),
(156, 1, 33, 157),
(157, 1, 33, 158),
(158, 1, 33, 159),
(159, 1, 34, 160),
(160, 1, 34, 161),
(161, 1, 34, 162),
(162, 1, 34, 163),
(163, 1, 34, 164),
(164, 1, 34, 165),
(165, 1, 34, 166),
(166, 1, 34, 167),
(167, 1, 34, 168),
(168, 1, 35, 169),
(169, 1, 35, 170),
(170, 1, 35, 171),
(171, 1, 35, 172),
(172, 1, 35, 173),
(173, 1, 36, 174),
(174, 1, 36, 175),
(175, 1, 36, 176),
(176, 1, 36, 177),
(177, 1, 37, 178),
(178, 1, 37, 179),
(179, 1, 37, 180),
(180, 1, 37, 181),
(181, 1, 37, 182),
(182, 1, 38, 183),
(183, 1, 38, 184),
(184, 1, 38, 185),
(185, 1, 38, 186),
(186, 1, 39, 188),
(187, 1, 39, 189),
(188, 1, 39, 190),
(189, 1, 39, 191),
(190, 1, 39, 192),
(191, 1, 39, 193),
(192, 1, 39, 194),
(193, 1, 41, 195),
(194, 1, 41, 196),
(195, 1, 41, 197),
(196, 1, 41, 198),
(197, 1, 42, 199),
(198, 1, 42, 200),
(199, 1, 42, 201),
(200, 1, 42, 202);

-- --------------------------------------------------------

--
-- Table structure for table `Idol`
--

CREATE TABLE `Idol` (
  `idIdol` int(11) NOT NULL AUTO_INCREMENT,
  `Idolname` varchar(45) NOT NULL,
  `Imgname` varchar(45) NOT NULL,
  `Surname` varchar(45) DEFAULT NULL,
  `Birthname` varchar(45) DEFAULT NULL,
  `Birthdate` date DEFAULT NULL,
  `Gender` varchar(45) NOT NULL,
  `Height` int(11) DEFAULT NULL,
  `Weight` int(11) DEFAULT NULL,
  `Subunit_idSubunit` int(11) DEFAULT NULL,
  `Bloodtype_idBloodtype` int(11) DEFAULT NULL,
  `Nationality_idNationality` int(11) DEFAULT NULL,
  PRIMARY KEY (`idIdol`),
  KEY `fk_Idol_Subunit1_idx` (`Subunit_idSubunit`),
  KEY `fk_Idol_Bloodtype1_idx` (`Bloodtype_idBloodtype`),
  KEY `fk_Idol_Nationality1_idx` (`Nationality_idNationality`)
) ENGINE=InnoDB  DEFAULT CHARSET=utf8 AUTO_INCREMENT=203 ;

--
-- Dumping data for table `Idol`
--

INSERT INTO `Idol` (`idIdol`, `Idolname`, `Imgname`, `Surname`, `Birthname`, `Birthdate`, `Gender`, `Height`, `Weight`, `Subunit_idSubunit`, `Bloodtype_idBloodtype`, `Nationality_idNationality`) VALUES
(1, 'Eric', 'Shinhwa_Eric_Mun', 'Mun', 'Jung-hyuk', '1979-02-16', 'Male', 180, 71, NULL, 2, 1),
(3, 'Min Woo', 'Shinhwa_Lee_Min_Woo', 'Lee', 'Min-woo', '1979-07-28', 'Male', 174, 64, NULL, 1, 1),
(4, 'Dong Wan', 'Shinhwa_Kim_Dong_Wan', 'Kim', 'Dong-wan', '1979-11-21', 'Male', 171, 68, NULL, 4, 1),
(5, 'Hye Sung', 'Shinhwa_Shin_Hye_Sung', 'Jung', 'Pil-kyo', '1979-11-27', 'Male', 179, 65, NULL, 1, 1),
(6, 'Jun Jin', 'Shinhwa_Jun_Jin', 'Park', 'Choong-jae', '1980-08-19', 'Male', 182, 75, NULL, 2, 1),
(7, 'Andy', 'Shinhwa_Andy', 'Lee', 'Sun-ho', '1981-01-21', 'Male', 175, 62, NULL, 4, 1),
(8, 'Jong Min', 'Koyote_Kim_Jong_Min', 'Kim', 'Jong-min', '1979-09-24', 'Male', 179, 62, NULL, 4, 1),
(9, 'Bbaek Ga', 'Koyote_Bbaek_Ga', 'Baek', 'Sung-hyun', '1981-05-14', 'Male', 186, 74, NULL, 4, 1),
(10, 'Shin Ji', 'Koyote_Shin_Ji', 'Lee', 'Jee-Seon', '1981-11-18', 'Female', 165, 46, NULL, 3, 1),
(11, 'Joon', 'GOD_Joon_Park', 'Park', 'Joon-hyung', '1969-07-20', 'Male', 181, 68, NULL, 2, 2),
(12, 'Kye Sang', 'GOD_Yoon_Kye_Sang', 'Yoon', 'Kye-sang', '1978-12-20', 'Male', 182, 62, NULL, 4, 1),
(13, 'Danny', 'GOD_Danny_Ahn', 'Ahn', 'Shin-won', '1978-12-22', 'Male', 181, 60, NULL, 4, 2),
(14, 'Hoyoung', 'GOD_Son_Hoyoung', 'Son', 'Andy', '1980-03-26', 'Male', 177, 62, NULL, 2, 2),
(15, 'Taewoo', 'GOD_Kim_Tae_Woo', 'Kim', 'Tae-woo', '1981-05-12', 'Male', 190, 89, NULL, 2, 1),
(16, 'Yewon', 'Jewelry_Yewon', 'Kim', 'Ye-won', '1989-12-05', 'Female', 162, 45, NULL, 4, 1),
(18, 'Gary', 'Leessang_Gary', 'Kang', 'Hee-gun', '1978-02-24', 'Male', 174, 70, NULL, 5, 1),
(20, 'Gil', 'Leessang_Gil', 'Gil', 'Seong-joon', '1977-12-24', 'Male', 178, 0, NULL, 5, 1),
(21, 'Choiza', 'Dynamic_Duo_Choiza', 'Choi', 'Jae-ho', '1980-03-17', 'Male', 180, 0, NULL, 4, 1),
(22, 'Gaeko', 'Dynamic_Duo_Gaeko', 'Kim', 'Yoon-sung', '1981-11-04', 'Male', 173, 0, NULL, 2, 1),
(23, 'Tablo', 'Epik_High_Tablo', 'Lee', 'Seon-woong', '1980-07-22', 'Male', 175, 0, NULL, 1, 1),
(24, 'DJ Tukutz', 'Epik_High_Tukutz', 'Kim', 'Jung-sik', '1981-11-19', 'Male', 175, 64, NULL, 1, 1),
(25, 'Mithra Jin', 'Epik_High_Mithra', 'Choi', 'Jin', '1983-01-06', 'Male', 177, 80, NULL, 3, 1),
(26, 'U-Know Yunho', 'TVXQ_Yunho', 'Jung', 'Yunho', '1986-02-06', 'Male', 184, 66, NULL, 1, 1),
(27, 'Max', 'TVXQ_Max', 'Shim', 'Chang-min', '1988-02-18', 'Male', 186, 61, NULL, 2, 1),
(28, 'Hyoong-joong', 'SS501_Hyun_joong', 'Kim', 'Hyun-joong', '1986-06-06', 'Male', 182, 68, NULL, 2, 1),
(29, 'Young-saeng', 'SS501_Young_saeng', 'Heo', 'Young-saeng', '1986-11-03', 'Male', 178, 63, NULL, 4, 1),
(30, 'Kyu-jong', 'SS501_Kyu_jong', 'Kim', 'Kyu-jong', '1987-02-24', 'Male', 182, 65, NULL, 1, 1),
(31, 'Jung-min', 'SS501_Jung_min', 'Park', 'Jung-min', '1987-04-03', 'Male', 183, 65, NULL, 4, 1),
(32, 'Hyung-jun', 'SS501_Hyung_jun', 'Kim', 'Hyung-jun', '1987-02-24', 'Male', 182, 65, NULL, 1, 1),
(33, 'Leeteuk', 'SJ_Leeteuk', 'Park', 'Jung-soo', '1983-07-01', 'Male', 179, 59, NULL, 1, 1),
(34, 'Heechul', 'SJ_Heechul', 'Kim', 'Hee-chul', '1983-07-10', 'Male', 179, 60, NULL, 3, 1),
(35, 'Yesung', 'SJ_Yesung', 'Kim', 'Jong-woon', '1984-08-24', 'Male', 178, 64, NULL, 3, 1),
(36, 'Kangin', 'SJ_Kangin', 'Kim', 'Young-woon', '1985-01-17', 'Male', 178, 70, NULL, 4, 1),
(37, 'Shindong', 'SJ_Shindong', 'Shin', 'Dong-hee', '1985-09-28', 'Male', 178, 90, NULL, 4, 1),
(38, 'Sungmin', 'SJ_Sungmin', 'Lee', 'Sung-min', '1986-01-01', 'Male', 175, 57, NULL, 1, 1),
(39, 'Eunhyuk', 'SJ_Eunhyuk', 'Lee', 'Hyuk-jae', '1986-04-04', 'Male', 176, 58, NULL, 4, 1),
(40, 'Donghae', 'SJ_Donghae', 'Lee', 'Dong-hae', '1986-10-15', 'Male', 176, 60, NULL, 1, 1),
(41, 'Siwon', 'SJ_Siwon', 'Choi', 'Si-won', '1987-02-10', 'Male', 185, 65, NULL, 2, 1),
(42, 'Ryeowook', 'SJ_Ryeowook', 'Kim', 'Rye-wook', '1987-06-21', 'Male', 175, 58, NULL, 4, 1),
(43, 'Kyuhyun', 'Sj_Kyuhyun', 'Cho', 'Kyu-hyun', '1988-02-03', 'Male', 180, 68, NULL, 1, 1),
(44, 'Zhoumi', 'SJ_Zhoumi', 'Zhou', 'Mi', '1986-04-19', 'Male', 185, 64, NULL, 2, 5),
(45, 'Henry', 'SJ_Henry', 'Lau', 'Henry', '1989-10-11', 'Male', 178, 63, NULL, 3, 1),
(46, 'JeA', 'BEG_Jea', 'Kim', 'Hyo-jin', '1981-09-18', 'Female', 159, 46, NULL, 4, 1),
(47, 'Miryo', 'BEG_Miryo', 'Jo', 'Mi-hye', '1981-11-02', 'Female', 163, 45, NULL, 1, 1),
(48, 'Narsha', 'BEG_Narsha', 'Park', 'Hyo-jin', '1981-12-28', 'Female', 158, 46, NULL, 1, 1),
(49, 'Gain', 'BEG_Gain', 'Son', 'Ga-in', '1987-09-20', 'Female', 163, 45, NULL, 2, 1),
(50, 'TOP', 'Big_Bang_TOP', 'Choi', 'Seung-hyun', '1987-11-04', 'Male', 181, 65, NULL, 2, 1),
(51, 'Taeyang', 'Big_Bang_Taeyang', 'Dong', 'Young-bae', '1988-05-18', 'Male', 174, 56, NULL, 3, 1),
(52, 'G-Dragon', 'Big_Bang_GD', 'Kwon', 'Ji-yong', '1988-08-18', 'Male', 177, 58, NULL, 1, 1),
(53, 'Daesung', 'Big_Bang_Daesung', 'Kang', 'Dae-sung', '1989-04-26', 'Male', 178, 63, NULL, 4, 1),
(54, 'Seungri', 'Big_Bang_Seungri', 'Lee', 'Seung-hyun', '1990-12-12', 'Male', 176, 60, NULL, 1, 1),
(55, 'Yubin', 'Wonder_Girls_Yubin', 'Kim', 'Yubin', '1988-10-04', 'Female', 163, 45, NULL, 4, 1),
(56, 'Yenny', 'Wonder_Girls_Yenny', 'Park', 'Ye-eun', '1989-05-26', 'Female', 165, 47, NULL, 3, 1),
(57, 'Sunye', 'Wonder_Girls_Sunye', 'Min', 'Sun-ye', '1989-08-12', 'Female', 162, 45, NULL, 1, 1),
(58, 'Lim', 'Wonder_Girls_Lim', 'Woo', 'Hye-rim', '1992-09-01', 'Female', 164, 45, NULL, 4, 1),
(59, 'Gyuri', 'KARA_Gyuri', 'Park', 'Gyuri', '1988-05-21', 'Female', 162, 45, NULL, 3, 1),
(60, 'Seungyeon', 'KARA_Seungyeon', 'Han', 'Seung-yeon', '1988-07-24', 'Female', 160, 43, NULL, 1, 1),
(61, 'Hara', 'KARA_Hara', 'Goo', 'Hara', '1991-01-13', 'Female', 163, 43, NULL, 2, 1),
(62, 'Youngji', 'KARA_Youngji', 'Heo', 'Young-ji', '1994-08-30', 'Female', 166, 49, NULL, 1, 1),
(63, 'Hongki', 'FTisland_Hongki', 'Lee', 'Lee Hong-gi', '1990-03-02', 'Male', 178, 60, NULL, 3, 1),
(64, 'Jonghun', 'FTisland_Jonghun', 'Choi', 'Jong-hoon', '1990-03-07', 'Male', 178, 65, NULL, 1, 1),
(65, 'Jaejin', 'FTisland_Jaejin', 'Lee', 'Jae-jin', '1991-12-17', 'Male', 177, 58, NULL, 1, 1),
(66, 'Seunghyun', 'FTisland_Seunghyun', 'Song', 'Seung-hyun', '1992-08-21', 'Male', 180, 60, NULL, 4, 1),
(67, 'Minhwan', 'FTisland_Minhwan', 'Choi', 'Min-hwan', '1992-11-11', 'Male', 173, 56, NULL, 1, 1),
(68, 'Taeyeon', 'SNSD_Taeyeon', 'Kim', 'Tae-yeon', '1989-03-09', 'Female', 158, 45, NULL, 4, 1),
(69, 'Jessica', 'SNSD_Jessica', 'Jung', 'Soo-yeon', '1989-04-18', 'Female', 162, 46, NULL, 2, 2),
(70, 'Sunny', 'SNSD_Sunny', 'Lee', 'Soon-kyu', '1989-05-15', 'Female', 155, 44, NULL, 2, 1),
(71, 'Tiffany', 'SNSD_Tiffany', 'Hwang', 'Mi-young', '1989-08-01', 'Female', 163, 51, NULL, 4, 2),
(72, 'Hyoyeon', 'SNSD_Hyoyeon', 'Kim', 'Hyo-yeon', '1989-09-22', 'Female', 160, 49, NULL, 3, 1),
(73, 'Yuri', 'SNSD_Yuri', 'Kwon', 'Yu-ri', '1989-12-05', 'Female', 166, 46, NULL, 3, 1),
(74, 'Sooyoung', 'SNSD_Sooyoung', 'Choi', 'Soo-young', '1990-02-10', 'Female', 170, 49, NULL, 4, 1),
(75, 'Yoona', 'SNSD_Yoona', 'Im', 'Yoona', '1990-05-30', 'Female', 167, 48, NULL, 2, 1),
(76, 'Seohyun', 'SNSD_Seohyun', 'Seo', 'Joo-hyun', '1991-07-28', 'Female', 168, 49, NULL, 1, 1),
(77, 'Misung', 'Sunny_Hill_Misung', 'Lee', 'Mi-sung', '1986-04-13', 'Female', 168, 47, NULL, 5, 1),
(78, 'Jubi', 'Sunny_Hill_Jubi', 'Kim', 'Eun-young', '1986-08-04', 'Female', 162, 42, NULL, 5, 1),
(79, 'Seungah', 'Sunny_Hill_Seungah', 'Lee', 'Seung-ah', '1987-03-29', 'Female', 162, 49, NULL, 5, 1),
(80, 'Kota', 'Sunny_Hill_Kota', 'Ahn', 'Jin-ah', '1987-10-14', 'Female', 159, 41, NULL, 5, 1),
(81, 'Yunhak', 'Supernova_Yunhak', 'Jung', 'Yun-hak', '1984-12-02', 'Male', 181, 64, NULL, 4, 1),
(82, 'Sungje', 'Supernova_Sungje', 'Kim', 'Sung-je', '1986-11-17', 'Male', 184, 67, NULL, 3, 1),
(83, 'Kwangsoo', 'Supernova_Kwangsoo', 'Kim', 'Kwang-soo', '1987-04-22', 'Male', 182, 68, NULL, 2, 1),
(84, 'Sungmo', 'Supernova_Sungmo', 'Yoon', 'Sung-mo', '1987-06-15', 'Male', 180, 65, NULL, 4, 1),
(85, 'Jihyuk', 'Supernova_Jihyuk', 'Song', 'Ji-hyuk', '1987-07-13', 'Male', 185, 71, NULL, 2, 1),
(86, 'Geonil', 'Supernova_Geonil', 'Park', 'Geon-il', '1987-11-05', 'Male', 187, 70, NULL, 2, 1),
(87, 'Haeri', 'Davichi_Haeri', 'Lee', 'Hae-ri', '1985-02-14', 'Female', 163, 45, NULL, 5, 1),
(88, 'Minkyung', 'Davichi_Minkyung', 'Kang', 'Min-kyung', '1990-08-03', 'Female', 167, 50, NULL, 5, 1),
(89, 'Onew', 'Shinee_Onew', 'Lee', 'Jin-ki', '1989-12-14', 'Male', 178, 61, NULL, 4, 1),
(90, 'Jonghyun', 'Shinee_Jonghyun', 'Kim', 'Jong-hyun', '1990-04-08', 'Male', 174, 56, NULL, 3, 1),
(91, 'Key', 'Shinee_Key', 'Kim', 'Kim Ki-bum', '1991-09-23', 'Male', 181, 59, NULL, 2, 1),
(92, 'Minho', 'Shinee_Minho', 'Choi', 'Min-ho', '1991-12-09', 'Male', 184, 60, NULL, 2, 1),
(93, 'Taemin', 'Shinee_Taemin', 'Lee', 'Tae-min', '1993-07-18', 'Male', 179, 53, NULL, 2, 1),
(94, 'Changmin', '2AM_Changmin', 'Lee', 'Chang-min', '1986-05-01', 'Male', 180, 72, NULL, 1, 1),
(95, 'Seulong', '2AM_Seulong', 'Im', 'Seul-ong', '1987-05-11', 'Male', 186, 75, NULL, 4, 1),
(96, 'Jokwon', '2AM_Jokwon', 'Jo', 'Kwon', '1989-08-28', 'Male', 175, 55, NULL, 1, 1),
(97, 'Jinwoon', '2AM_Jinwoon', 'Jeong', 'Jin-woon', '1991-05-02', 'Male', 185, 73, NULL, 4, 1),
(98, 'Jun.K', '2PM_JunK', 'Kim', 'Min-jun', '1988-01-15', 'Male', 180, 68, NULL, 1, 1),
(99, 'Nichkhun', '2PM_Nichkhun', 'Horvejkul', 'Nichkhun Buk', '1988-06-24', 'Male', 180, 65, NULL, 4, 7),
(100, 'Taecyeon', '2PM_Taecyeon', 'Ok', 'Taecyeon', '1988-12-27', 'Male', 185, 77, NULL, 3, 1),
(101, 'Wooyoung', '2PM_Wooyoung', 'Jang', 'Woo-young', '1989-04-30', 'Male', 178, 67, NULL, 2, 1),
(102, 'Junho', '2PM_Junho', 'Lee', 'Jun-ho', '1990-01-25', 'Male', 178, 69, NULL, 1, 1),
(103, 'Chansung', '2PM_Chansung', 'Hwang', 'Chan-sung', '1990-02-11', 'Male', 184, 80, NULL, 2, 1),
(104, 'Soohyun', 'UKISS_Soohyun', 'Shin', 'Soo-hyun', '1989-03-11', 'Male', 181, 69, NULL, 1, 1),
(105, 'Kiseop', 'UKISS_Kiseop', 'Lee', 'Ki-seop', '1991-01-17', 'Male', 181, 64, NULL, 1, 1),
(106, 'Eli', 'UKISS_Eli', 'Kim', 'Kyoung-jae', '1991-03-13', 'Male', 180, 68, NULL, 4, 2),
(107, 'AJ', 'UKISS_AJ', 'Kim', 'Jae-seop', '1991-06-04', 'Male', 183, 68, NULL, 1, 1),
(108, 'Hoon', 'UKISS_Hoon', 'Yeo', 'Hoon-min', '1991-08-16', 'Male', 181, 67, NULL, 2, 1),
(109, 'Kevin', 'UKISS_Kevin', 'Woo', 'Sung-hyun', '1991-11-25', 'Male', 180, 55, NULL, 4, 2),
(110, 'Jun', 'UKISS_Jun', 'Lee', 'Jun-young', '1997-01-22', 'Male', 185, 61, NULL, 3, 1),
(111, 'Jungah', 'After_School_Jungah', 'Kim', 'Jung-ah', '1983-08-02', 'Female', 167, 49, NULL, 4, 1),
(112, 'Uee', 'After_School_Uee', 'Kim', 'Yu-jin', '1988-04-09', 'Female', 171, 50, NULL, 4, 1),
(113, 'Raina', 'After_School_Raina', 'Oh', 'Hye-rin', '1989-05-07', 'Female', 167, 46, 1, 2, 1),
(114, 'Nana', 'After_School_Nana', 'Im', 'Jin-ah', '1991-09-14', 'Female', 170, 48, 1, 1, 1),
(115, 'Lizzy', 'After_School_Lizzy', 'Park', 'Soo-young', '1992-07-31', 'Female', 168, 46, 1, 1, 1),
(116, 'E-Young', 'After_School_Eyoung', 'Noh', 'Yi-young', '1992-08-16', 'Female', 167, 45, NULL, 1, 1),
(117, 'Ka-Eun', 'After_School_Kaeun', 'Lee', 'Kaeun', '1994-08-20', 'Female', 170, 48, NULL, 3, 1),
(118, 'Bom', '2NE1_Bom', 'Park', 'Bom', '1984-03-24', 'Female', 165, 45, NULL, 3, 1),
(119, 'Dara', '2NE1_Dara', 'Park', 'Sandara', '1984-11-12', 'Female', 162, 40, NULL, 1, 1),
(120, 'CL', '2NE1_CL', 'Lee', 'Chae-rin', '1991-02-26', 'Female', 162, 45, NULL, 1, 1),
(121, 'Minzy', '2NE1_Minzy', 'Gong', 'Min-ji', '1994-01-18', 'Female', 161, 44, NULL, 4, 1),
(122, 'Jihyun', '4minute_Jihyun', 'Nam', 'Ji-hyun', '1990-01-09', 'Female', 167, 49, NULL, 1, 1),
(123, 'Gayoon', '4minute_Gayoon', 'Heo', 'Ga-yoon', '1990-05-18', 'Female', 165, 47, NULL, 4, 1),
(124, 'Jiyoon', '4minute_Jiyoon', 'Jeon', 'Ji-yoon', '1990-10-15', 'Female', 165, 47, NULL, 2, 1),
(125, 'HyunA', '4minute_Hyuna', 'Kim', 'Hyuna', '1992-06-06', 'Female', 164, 44, NULL, 4, 1),
(126, 'Sohyun', '4minute_Sohyun', 'Kwon', 'So-hyun', '1994-08-30', 'Female', 162, 45, NULL, 2, 1),
(127, 'Boram', 'T-ara_Boram', 'Jeon', 'Bo-ram', '1986-03-22', 'Female', 155, 40, NULL, 2, 1),
(128, 'Qri', 'T-ara_Qri', 'Lee', 'Ji-hyun', '1986-12-12', 'Female', 162, 42, NULL, 2, 1),
(129, 'Soyeon', 'T-ara_Soyeon', 'Park', 'In-jung', '1987-10-05', 'Female', 163, 46, NULL, 2, 1),
(130, 'Eunjung', 'T-ara_Eunjung', 'Ham', 'Eun-jung', '1988-12-12', 'Female', 168, 47, NULL, 4, 1),
(131, 'Hyomin', 'T-ara_Hyomin', 'Park', 'Sun-young', '1989-05-30', 'Female', 167, 46, NULL, 4, 1),
(132, 'Jiyeon', 'T-ara_Jiyeon', 'Park', 'Ji-yeon', '1993-06-07', 'Female', 167, 46, NULL, 3, 1),
(133, 'Victoria', 'fx_Victoria', 'Song', 'Qian', '1987-02-02', 'Female', 168, 45, NULL, 4, 5),
(134, 'Amber', 'fx_Amber', 'Liu', 'Amber Josephine', '1992-09-18', 'Female', 167, 45, NULL, 2, 7),
(135, 'Luna', 'fx_Luna', 'Park', 'Sun-young', '1993-08-12', 'Female', 162, 44, NULL, 1, 1),
(136, 'Sulli', 'fx_Sulli', 'Choi', 'Jin-ri', '1994-03-29', 'Female', 169, 41, NULL, 4, 1),
(137, 'Krystal', 'fx_Krystal', 'Jung', 'Soo-jung', '1994-10-24', 'Female', 165, 40, NULL, 1, 2),
(138, 'Hyoseong', 'Secret_Hyoseong', 'Jun', 'Hyo-seung', '1989-10-31', 'Female', 160, 47, NULL, 2, 1),
(139, 'Hana', 'Secret_Hana', 'Jung', 'Ha-na', '1990-02-02', 'Female', 161, 45, NULL, 1, 1),
(140, 'Jieun', 'Secret_Jieun', 'Song', 'Ji-eun', '1990-05-05', 'Female', 160, 45, NULL, 4, 1),
(141, 'Sunhwa', 'Secret_Sunhwa', 'Han', 'Sun-hwa', '1990-10-06', 'Female', 165, 45, NULL, 2, 1),
(142, 'Doojoon', 'Beast_Doojoon', 'Yoon', 'Doo-joon', '1989-07-04', 'Male', 178, 66, NULL, 1, 1),
(143, 'Hyunseung', 'Beast_Hyunseung', 'Jang', 'Hyun-seung', '1989-09-03', 'Male', 177, 58, NULL, 2, 1),
(144, 'Junhyung', 'Beast_Junhyung', 'Yong', 'Jun-hyung', '1989-12-19', 'Male', 178, 64, NULL, 4, 1),
(145, 'Yoseob', 'Beast_Yoseob', 'Yang', 'Yo-seob', '1990-01-05', 'Male', 170, 56, NULL, 2, 1),
(146, 'Gikwang', 'Beast_Gikwang', 'Lee', 'Gik-wang', '1990-03-30', 'Male', 170, 58, NULL, 1, 1),
(147, 'Dongwoon', 'Beast_Dongwoon', 'Son', 'Dong-woon', '1991-06-06', 'Male', 181, 64, NULL, 1, 1),
(148, 'Seungho', 'MBLAQ_Seungho', 'Yang', 'Seung-ho', '1987-10-16', 'Male', 176, 63, NULL, 1, 1),
(149, 'G.O', 'MBLAQ_GO', 'Jung', 'Byung-hee', '1987-11-06', 'Male', 177, 65, NULL, 1, 1),
(150, 'Mir', 'MBLAQ_Mir', 'Bang', 'Cheol-yong', '1991-03-10', 'Male', 178, 63, NULL, 1, 1),
(151, 'Joon', 'MBLAQ_Joon', 'Lee', 'Chang-shin', '1988-02-07', 'Male', 180, 65, NULL, 1, 1),
(152, 'Thunder', 'MBLAQ_Thunder', 'Park', 'Sang-hyun', '1990-10-07', 'Male', 181, 65, NULL, 1, 1),
(153, 'Woori', 'Rainbow_Woori', 'Go', 'Woo-ri', '1988-02-22', 'Female', 165, 44, NULL, 1, 1),
(154, 'Seungah', 'Rainbow_Seungah', 'Oh', 'Se-mi', '1988-09-13', 'Female', 168, 45, NULL, 1, 1),
(155, 'Jaekyung', 'Rainbow_Jaekyung', 'Kim', 'Jae-kyung', '1988-12-24', 'Female', 168, 45, NULL, 3, 1),
(156, 'Noeul', 'Rainbow_Noeul', 'No', 'Eul', '1989-05-10', 'Female', 164, 44, NULL, 1, 1),
(157, 'Yoonhye', 'Rainbow_Yoonhye', 'Jung', 'Yoon-hye', '1990-04-14', 'Female', 165, 47, NULL, 4, 1),
(158, 'Jisook', 'Rainbow_Jisook', 'Kim', 'Ji-sook', '1990-07-18', 'Female', 164, 41, NULL, 1, 1),
(159, 'Hyunyoung', 'Rainbow_Hyunyoung', 'Jo', 'Hyun-young', '1991-08-11', 'Female', 160, 41, NULL, 2, 1),
(160, 'Kevin', 'Zea_Kevin', 'Kim', 'Ji-yeop', '1988-02-23', 'Male', 180, 66, NULL, 1, 8),
(161, 'Kwanghee', 'Zea_Kwanghee', 'Hwang', 'Kwang-hee', '1988-08-25', 'Male', 179, 60, NULL, 1, 1),
(162, 'Siwan', 'Zea_Siwan', 'Im', 'Woong-jae', '1988-12-01', 'Male', 175, 51, NULL, 2, 1),
(163, 'Lee hoo', 'Zea_LeeHoo', 'Moon', 'Jun-young', '1989-02-09', 'Male', 180, 64, NULL, 1, 1),
(164, 'Taeheon', 'Zea_Taeheon', 'Kim', 'Taeheon', '1989-06-18', 'Male', 177, 63, NULL, 1, 1),
(165, 'Heechul', 'Zea_Heechul', 'Jung', 'Hee-chul', '1989-12-09', 'Male', 177, 58, NULL, 2, 1),
(166, 'Minwoo', 'Zea_Minwoo', 'Ha', 'Min-woo', '1990-09-06', 'Male', 178, 54, NULL, 2, 1),
(167, 'Hyungsik', 'Zea_Hyungsik', 'Park', 'Hyung-sik', '1991-11-16', 'Male', 183, 65, NULL, 3, 1),
(168, 'Dongjun', 'Zea_Dongjun', 'Kim', 'Dong-jun', '1992-02-11', 'Male', 175, 58, NULL, 2, 1),
(169, 'Jinon', 'Fcuz_Jinon', 'Kim', 'Jin-chul', '1989-07-13', 'Male', 183, 68, NULL, 2, 1),
(170, 'Daegun', 'Fcuz_Daegun', 'Kim', 'Dae-gun', '1990-10-27', 'Male', 179, 62, NULL, 4, 1),
(171, 'Raehyun', 'Fcuz_Raehyun', 'Kim', 'Rae-hyun', '1991-06-08', 'Male', 178, 62, NULL, 4, 1),
(172, 'Kan', 'Fcuz_Kan', 'Choi', 'Young-hak', '1991-09-30', 'Male', 184, 72, NULL, 2, 1),
(173, 'Yejun', 'Fcuz_Yejun', 'Shim', 'Ye-jun', '1992-02-04', 'Male', 182, 67, NULL, 2, 1),
(174, 'Yonghwa', 'CNBLUE_Yonghwa', 'Jung', 'Yong-hwa', '1989-06-22', 'Male', 180, 63, NULL, 1, 1),
(175, 'Jonghyun', 'CNBLUE_Jonghyun', 'Lee', 'Jong-hyun', '1990-05-15', 'Male', 182, 64, NULL, 4, 1),
(176, 'Minhyuk', 'CNBLUE_Minhyuk', 'Kang', 'Min-hyuk', '1991-06-28', 'Male', 184, 60, NULL, 1, 1),
(177, 'Jungshin', 'CNBLUE_Jungshin', 'Lee', 'Jung-shin', '1991-09-15', 'Male', 186, 61, NULL, 1, 1),
(178, 'Mika', 'DGNA_Mika', 'Lee', 'Su-hoon', '1990-06-28', 'Male', 178, 58, NULL, 2, 1),
(179, 'Karam', 'DGNA_Karam', 'Park', 'Hyun-chul', '1991-06-28', 'Male', 178, 58, NULL, 2, 1),
(180, 'Hyunmin', 'DGNA_Hyunmin', 'Woo', 'Hyun-min', '1991-07-22', 'Male', 181, 60, NULL, 4, 1),
(181, 'Injun', 'DGNA_Injun', 'Lee', 'In-jun', '1992-03-09', 'Male', 175, 56, NULL, 4, 1),
(182, 'Jay', 'DGNA_Jay', 'Jeon', 'Ji-hwan', '1994-03-31', 'Male', 170, 45, NULL, 1, 1),
(183, 'Bora', 'SISTAR_Bora', 'Yoon', 'Bo-ra', '1990-01-30', 'Female', 165, 46, NULL, 4, 1),
(184, 'Hyorin', 'SISTAR_Hyorin', 'Kim', 'Hyo-jung', '1991-01-11', 'Female', 164, 45, NULL, 2, 1),
(185, 'Soyou', 'SISTAR_Soyou', 'Kang', 'Ji-hyun', '1992-02-12', 'Female', 168, 49, NULL, 4, 1),
(186, 'Dasom', 'SISTAR_Dasom', 'Kim', 'Da-som', '1993-05-06', 'Female', 167, 44, NULL, 1, 1),
(188, 'Sunggyu', 'INFINITE_Sunggyu', 'Kim', 'Sung-gyu', '1989-04-28', 'Male', 178, 62, NULL, 1, 1),
(189, 'Dongwoo', 'INFINITE_Dongwoo', 'Jang', 'Dong-woo', '1990-11-22', 'Male', 175, 58, NULL, 1, 1),
(190, 'Woohyun', 'INFINITE_Woohyun', 'Nam', 'Woo-hyun', '1991-02-08', 'Male', 176, 58, NULL, 2, 1),
(191, 'Hoya', 'INFINITE_Hoya', 'Lee', 'Ho-won', '1991-03-28', 'Male', 178, 60, NULL, 3, 1),
(192, 'Sungyeol', 'INFINITE_Sungyeol', 'Lee', 'Sung-yeul', '1991-08-27', 'Male', 183, 59, NULL, 2, 1),
(193, 'L', 'INFINITE_L', 'Kim', 'Myung-soo', '1992-03-13', 'Male', 180, 60, NULL, 4, 1),
(194, 'Sungjong', 'INFINITE_Sungjong', 'Lee', 'Sung-jong', '1993-09-03', 'Male', 179, 54, NULL, 1, 1),
(195, 'Fei', 'MissA_Fei', 'Wang', 'Fei-fei', '1987-04-03', 'Female', 164, 46, NULL, 2, 5),
(196, 'Jia', 'MissA_Jia', 'Meng', 'Jia', '1989-02-03', 'Female', 164, 45, NULL, 4, 5),
(197, 'Min', 'MissA_Min', 'Lee', 'Min-young', '1991-06-21', 'Female', 161, 45, NULL, 1, 1),
(198, 'Suzy', 'MissA_Suzy', 'Bae', 'Su-ji', '1994-10-10', 'Female', 168, 47, NULL, 3, 1),
(199, 'Sojin', 'Girl''s_Day_Sojin', 'Park', 'So-jin', '1986-05-21', 'Female', 167, 47, NULL, 3, 1),
(200, 'Yura', 'Girl''s_Day_Yura', 'Kim', 'Ah-young', '1992-11-06', 'Female', 168, 49, NULL, 4, 1),
(201, 'Minah', 'Girl''s_Day_Minah', 'Bang', 'Min-ah', '1993-05-13', 'Female', 165, 47, NULL, 4, 1),
(202, 'Hyeri', 'Girl''s_Day_Hyeri', 'Lee', 'Hye-ri', '1994-06-09', 'Female', 167, 46, NULL, 3, 1);

-- --------------------------------------------------------

--
-- Table structure for table `Idol_Position`
--

CREATE TABLE `Idol_Position` (
  `idIdol_Position` int(11) NOT NULL AUTO_INCREMENT,
  `Idol_idIdol` int(11) DEFAULT NULL,
  `Position_idPosition` int(11) DEFAULT NULL,
  PRIMARY KEY (`idIdol_Position`),
  KEY `fk_Idol_Position_Idol1_idx` (`Idol_idIdol`),
  KEY `fk_Idol_Position_Position1_idx` (`Position_idPosition`)
) ENGINE=InnoDB DEFAULT CHARSET=utf8 AUTO_INCREMENT=1 ;

-- --------------------------------------------------------

--
-- Table structure for table `Label`
--

CREATE TABLE `Label` (
  `idLabel` int(11) NOT NULL AUTO_INCREMENT,
  `Labelname` varchar(45) NOT NULL,
  PRIMARY KEY (`idLabel`)
) ENGINE=InnoDB  DEFAULT CHARSET=utf8 AUTO_INCREMENT=134 ;

--
-- Dumping data for table `Label`
--

INSERT INTO `Label` (`idLabel`, `Labelname`) VALUES
(1, 'preInsert'),
(2, 'Shinhwa Company'),
(3, 'Trifecta Entertainment'),
(4, 'Sidus HQ'),
(5, 'Star Empire Entertainment'),
(6, 'Jungle Entertainment'),
(7, 'Amoeba Culture'),
(8, 'YG Entertainment'),
(9, 'SM Entertainment'),
(10, 'DSP Media'),
(11, 'Nega Network'),
(12, 'JYP Entertainment'),
(13, 'FNC Entertainment'),
(14, 'LOEN Entertainment'),
(15, 'Maroo Entertainment'),
(16, 'Universal Music'),
(17, 'NH Media'),
(18, 'Pledis Entertainment'),
(19, 'Cube Entertainment'),
(20, 'MBK Entertainment'),
(21, 'TS Entertainment'),
(22, 'J.Tune Camp'),
(23, 'Tunes Will Entertainment'),
(24, 'Poom Entertainment'),
(25, 'Starship Entertainment'),
(26, 'Woollim Entertainment'),
(27, 'Dream Tea Entertainment'),
(28, 'TOP Media'),
(29, 'Jacyhan International Company'),
(30, '2Works Entertainment'),
(31, 'Starkim Entertainment'),
(32, 'C-Jes Entertainment'),
(33, 'Happy Face Entertainment'),
(34, 'Winning InSight'),
(35, 'Trophy Entertainment'),
(36, 'Yedang Entertainment'),
(37, 'Brave Entertainment'),
(38, 'Seven Seasons'),
(39, 'A Cube Entertainment'),
(40, 'WM Entertainment'),
(41, 'Star Planet'),
(42, 'Media Line'),
(43, 'Paramount Music'),
(44, 'Top Class Entertainment'),
(45, 'NAP Entertainment'),
(46, 'H2 Media'),
(47, 'Well Made Star Media'),
(48, 'B2M Entertainment'),
(49, 'Ntree Entertainment'),
(50, 'Line Entertainment'),
(51, 'Haeun Entertainment'),
(52, 'Jellyfish Entertainment'),
(53, 'Amuse Korea'),
(54, 'Star Factory'),
(55, 'Flash Entertainment'),
(56, 'Big Hit Entertainment'),
(57, 'Chrome Entertainment'),
(58, 'Dream Star Entertainment'),
(59, 'D Business'),
(60, 'Stardom Entertainment'),
(61, 'WA Entertainment'),
(62, 'Alpha Entertainment'),
(63, 'Star Cubic Entertainment'),
(64, 'GNG Productions'),
(65, 'Choeun Entertainment'),
(66, 'Kairos Entertainment'),
(67, 'Bigstar Entertainment'),
(68, 'ISS Entertainment'),
(69, 'Rainbow Bridge Agency'),
(70, 'JS Entertainment'),
(71, '102 Entertainment'),
(72, 'Penta Entertainment'),
(73, 'New Planet Entertainment'),
(74, 'Plane Entertainment'),
(75, 'Sniper Sound'),
(76, 'Tip Top Entertainment'),
(77, 'BP Story Entertainment'),
(78, 'Toeast Music'),
(79, 'Purplei Entertainment'),
(80, 'Nekki Entertainment'),
(81, 'Polaris Entertainment'),
(82, 'Bros Media'),
(83, 'Simtong Entertainment'),
(84, 'Pure Entertainment'),
(85, 'Fair Music'),
(86, 'Star Pro Entertainment'),
(87, 'YNB Entertainment'),
(88, 'GA Entertainment'),
(89, 'Oscar Entertainment'),
(90, 'Music Factory'),
(91, 'Avance Entertainment'),
(92, 'CMG Stars'),
(93, 'Mafia Records'),
(94, 'Chung Chun Music'),
(95, 'Apple of the Eye Company'),
(96, 'Baeksang Entertainment'),
(97, 'Krazy Sound'),
(98, 'A&G'),
(99, 'GH Entertainment'),
(100, 'Winning Insight M'),
(101, 'Now Entertainment'),
(102, 'HMI Entertainment'),
(103, 'Viewga Entertainment'),
(104, 'Funny Collection Entertainment'),
(105, 'Show Works Entertainment'),
(106, 'Sony Music Korea'),
(107, 'Brand New'),
(108, 'Right Achievement Group'),
(109, 'Move Entertainment'),
(110, 'The Jackie Chan Group Korea'),
(111, 'SMAF'),
(112, 'Kiroy Company'),
(113, 'Can Entertainment'),
(114, 'Asia Bridge Entertainment'),
(115, 'HO Entertainment'),
(116, 'AYIN Holdings'),
(117, 'Pan Entertainment'),
(118, 'ATC Records'),
(119, 'JK Space'),
(120, 'BALJUNSO'),
(121, 'Doo Republic'),
(122, 'WJ Entertainment'),
(123, 'KT Music'),
(124, 'Zenith Media'),
(125, 'Jade Contents Media'),
(127, 'Switch Entertainment'),
(128, 'J-Star Entertainment'),
(129, 'Crescendo Music'),
(130, 'INGENIO Media'),
(131, 'Lydus Contents Company'),
(132, 'Fantagio'),
(133, 'Source Music');

-- --------------------------------------------------------

--
-- Table structure for table `Nationality`
--

CREATE TABLE `Nationality` (
  `idNationality` int(11) NOT NULL AUTO_INCREMENT,
  `Nationalityname` varchar(45) DEFAULT NULL,
  PRIMARY KEY (`idNationality`)
) ENGINE=InnoDB  DEFAULT CHARSET=utf8 AUTO_INCREMENT=9 ;

--
-- Dumping data for table `Nationality`
--

INSERT INTO `Nationality` (`idNationality`, `Nationalityname`) VALUES
(1, 'Korean'),
(2, 'Korean-American'),
(3, 'American'),
(4, 'Unknown'),
(5, 'Chinese'),
(6, 'Thai'),
(7, 'Thai-American'),
(8, 'Korean-Australian');

-- --------------------------------------------------------

--
-- Table structure for table `Position`
--

CREATE TABLE `Position` (
  `idPosition` int(11) NOT NULL AUTO_INCREMENT,
  `Name` varchar(45) NOT NULL,
  PRIMARY KEY (`idPosition`)
) ENGINE=InnoDB DEFAULT CHARSET=utf8 AUTO_INCREMENT=1 ;

-- --------------------------------------------------------

--
-- Table structure for table `Question`
--

CREATE TABLE `Question` (
  `idQuestion` int(11) NOT NULL AUTO_INCREMENT,
  `Quiz_idQuiz` int(11) NOT NULL,
  `Groups_idGroup` int(11) NOT NULL,
  PRIMARY KEY (`idQuestion`),
  KEY `Quiz_idQuiz` (`Quiz_idQuiz`),
  KEY `Groups_idGroup` (`Groups_idGroup`)
) ENGINE=InnoDB  DEFAULT CHARSET=utf8 AUTO_INCREMENT=134 ;

--
-- Dumping data for table `Question`
--

INSERT INTO `Question` (`idQuestion`, `Quiz_idQuiz`, `Groups_idGroup`) VALUES
(5, 1, 26),
(6, 1, 13),
(7, 1, 21),
(8, 1, 17),
(10, 1, 23),
(11, 1, 74),
(13, 1, 11),
(14, 1, 29),
(18, 3, 22),
(22, 3, 26),
(23, 3, 100),
(65, 3, 67),
(67, 1, 27),
(68, 1, 24),
(69, 9, 148),
(70, 9, 39),
(71, 9, 38),
(72, 9, 22),
(73, 9, 69),
(74, 9, 31),
(75, 9, 41),
(76, 9, 30),
(77, 9, 28),
(78, 9, 9),
(80, 3, 185),
(82, 3, 27),
(83, 13, 26),
(84, 13, 27),
(85, 13, 13),
(86, 13, 17),
(88, 13, 74),
(89, 13, 29),
(90, 13, 38),
(91, 13, 11),
(92, 13, 24),
(93, 13, 23),
(94, 13, 21),
(95, 13, 148),
(96, 13, 39),
(97, 13, 22),
(98, 13, 69),
(99, 13, 41),
(100, 13, 25),
(101, 13, 57),
(102, 13, 15),
(103, 13, 31),
(104, 13, 9),
(105, 13, 128),
(106, 13, 34),
(107, 13, 56),
(108, 13, 28),
(109, 13, 89),
(110, 13, 42),
(111, 13, 182),
(112, 13, 14),
(113, 13, 72),
(114, 13, 16),
(115, 13, 78),
(116, 13, 36),
(117, 13, 184),
(118, 13, 75),
(119, 13, 12),
(120, 13, 70),
(121, 13, 33),
(122, 13, 85),
(123, 13, 32),
(124, 13, 43),
(125, 13, 58),
(126, 13, 71),
(127, 13, 100),
(128, 13, 40),
(129, 13, 44),
(130, 13, 68),
(131, 13, 169),
(132, 13, 20),
(133, 13, 30);

-- --------------------------------------------------------

--
-- Table structure for table `Quiz`
--

CREATE TABLE `Quiz` (
  `idQuiz` int(11) NOT NULL AUTO_INCREMENT,
  `Quizname` varchar(45) NOT NULL,
  PRIMARY KEY (`idQuiz`)
) ENGINE=InnoDB  DEFAULT CHARSET=utf8 AUTO_INCREMENT=15 ;

--
-- Dumping data for table `Quiz`
--

INSERT INTO `Quiz` (`idQuiz`, `Quizname`) VALUES
(1, 'Level 1'),
(3, 'Test'),
(9, 'Level 2'),
(13, 'The big one'),
(14, 'Level 3');

-- --------------------------------------------------------

--
-- Table structure for table `Subunit`
--

CREATE TABLE `Subunit` (
  `idSubunit` int(11) NOT NULL AUTO_INCREMENT,
  `Name` varchar(45) NOT NULL,
  `Debutdate` date NOT NULL,
  `Group_idGroup` int(11) NOT NULL,
  PRIMARY KEY (`idSubunit`),
  KEY `fk_Subunit_Group1_idx` (`Group_idGroup`)
) ENGINE=InnoDB  DEFAULT CHARSET=utf8 AUTO_INCREMENT=2 ;

--
-- Dumping data for table `Subunit`
--

INSERT INTO `Subunit` (`idSubunit`, `Name`, `Debutdate`, `Group_idGroup`) VALUES
(1, 'Orange Caramel', '2010-06-16', 25);

-- --------------------------------------------------------

--
-- Table structure for table `Users`
--

CREATE TABLE `Users` (
  `idUser` int(11) NOT NULL AUTO_INCREMENT,
  `Username` varchar(20) NOT NULL,
  `Password` varchar(100) NOT NULL,
  `Created_at` date NOT NULL,
  PRIMARY KEY (`idUser`)
) ENGINE=InnoDB  DEFAULT CHARSET=utf8 AUTO_INCREMENT=2 ;

--
-- Dumping data for table `Users`
--

INSERT INTO `Users` (`idUser`, `Username`, `Password`, `Created_at`) VALUES
(1, 'masamuneNL', 'e00cf25ad42683b3df678c61f42c6bda', '2015-01-28');

--
-- Constraints for dumped tables
--

--
-- Constraints for table `Answer`
--
ALTER TABLE `Answer`
  ADD CONSTRAINT `fk_Answer_Question` FOREIGN KEY (`Question_idQuestion`) REFERENCES `Question` (`idQuestion`) ON DELETE CASCADE ON UPDATE NO ACTION;

--
-- Constraints for table `Groups`
--
ALTER TABLE `Groups`
  ADD CONSTRAINT `fk_Group_Label` FOREIGN KEY (`Label_idLabel`) REFERENCES `Label` (`idLabel`) ON DELETE NO ACTION ON UPDATE NO ACTION;

--
-- Constraints for table `Groups_Idol`
--
ALTER TABLE `Groups_Idol`
  ADD CONSTRAINT `fk_Group_Idol_Group1` FOREIGN KEY (`Group_idGroup`) REFERENCES `Groups` (`idGroup`) ON DELETE NO ACTION ON UPDATE NO ACTION,
  ADD CONSTRAINT `fk_Group_Idol_Idol1` FOREIGN KEY (`Idol_idIdol`) REFERENCES `Idol` (`idIdol`) ON DELETE NO ACTION ON UPDATE NO ACTION;

--
-- Constraints for table `Idol`
--
ALTER TABLE `Idol`
  ADD CONSTRAINT `fk_Idol_Bloodtype1` FOREIGN KEY (`Bloodtype_idBloodtype`) REFERENCES `Bloodtype` (`idBloodtype`) ON DELETE NO ACTION ON UPDATE NO ACTION,
  ADD CONSTRAINT `fk_Idol_Nationality1` FOREIGN KEY (`Nationality_idNationality`) REFERENCES `Nationality` (`idNationality`) ON DELETE NO ACTION ON UPDATE NO ACTION,
  ADD CONSTRAINT `fk_Idol_Subunit1` FOREIGN KEY (`Subunit_idSubunit`) REFERENCES `Subunit` (`idSubunit`) ON DELETE NO ACTION ON UPDATE NO ACTION;

--
-- Constraints for table `Idol_Position`
--
ALTER TABLE `Idol_Position`
  ADD CONSTRAINT `fk_Idol_Position_Idol1` FOREIGN KEY (`Idol_idIdol`) REFERENCES `Idol` (`idIdol`) ON DELETE NO ACTION ON UPDATE NO ACTION,
  ADD CONSTRAINT `fk_Idol_Position_Position1` FOREIGN KEY (`Position_idPosition`) REFERENCES `Position` (`idPosition`) ON DELETE NO ACTION ON UPDATE NO ACTION;

--
-- Constraints for table `Question`
--
ALTER TABLE `Question`
  ADD CONSTRAINT `fk_Question_Group` FOREIGN KEY (`Groups_idGroup`) REFERENCES `Groups` (`idGroup`) ON DELETE NO ACTION ON UPDATE NO ACTION,
  ADD CONSTRAINT `fk_Question_Quiz` FOREIGN KEY (`Quiz_idQuiz`) REFERENCES `Quiz` (`idQuiz`) ON DELETE CASCADE ON UPDATE NO ACTION;

--
-- Constraints for table `Subunit`
--
ALTER TABLE `Subunit`
  ADD CONSTRAINT `fk_Subunit_Group1` FOREIGN KEY (`Group_idGroup`) REFERENCES `Groups` (`idGroup`) ON DELETE NO ACTION ON UPDATE NO ACTION;

/*!40101 SET CHARACTER_SET_CLIENT=@OLD_CHARACTER_SET_CLIENT */;
/*!40101 SET CHARACTER_SET_RESULTS=@OLD_CHARACTER_SET_RESULTS */;
/*!40101 SET COLLATION_CONNECTION=@OLD_COLLATION_CONNECTION */;
